"Status","Start Time","Stop Time","Duration in ms","Parent Suite","Suite","Sub Suite","Test Class","Test Method","Name","Description"
"failed","Mon Apr 05 21:32:57 CST 2021","Mon Apr 05 21:32:57 CST 2021","1","","test_cal1","TestCal1","","","test_add_float[float3]",""
"failed","Mon Apr 05 21:32:57 CST 2021","Mon Apr 05 21:32:57 CST 2021","1","","test_cal1","TestCal1","","","test_add_int[int3]",""
"passed","Mon Apr 05 21:32:57 CST 2021","Mon Apr 05 21:32:57 CST 2021","0","","test_cal1","TestCal1","","","test_div[div2]",""
"passed","Mon Apr 05 21:32:57 CST 2021","Mon Apr 05 21:32:57 CST 2021","1","","test_cal1","TestCal1","","","test_div[div3]",""
"passed","Mon Apr 05 21:32:57 CST 2021","Mon Apr 05 21:32:57 CST 2021","1","","test_cal1","TestCal1","","","test_add_int[int1]",""
"passed","Mon Apr 05 21:32:57 CST 2021","Mon Apr 05 21:32:57 CST 2021","1","","test_cal1","TestCal1","","","test_add_float[float2]",""
"passed","Mon Apr 05 21:32:57 CST 2021","Mon Apr 05 21:32:57 CST 2021","0","","test_cal1","TestCal1","","","test_div[div1]",""
"passed","Mon Apr 05 21:32:57 CST 2021","Mon Apr 05 21:32:57 CST 2021","0","","test_cal1","TestCal1","","","test_div_zero[Zero]",""
"passed","Mon Apr 05 21:32:57 CST 2021","Mon Apr 05 21:32:57 CST 2021","0","","test_cal1","TestCal1","","","test_add_int[int2]",""
"passed","Mon Apr 05 21:32:57 CST 2021","Mon Apr 05 21:32:57 CST 2021","1","","test_cal1","TestCal1","","","test_add_float[float1]",""
